slno,MATH1,MATH2,EM1,EM2,SATS,PS,PRP,SE,M3,M4,S1,S2,SG,SG1,MG1,MG2,EMG1,PS1,,,,,
1,14,35,14,30,23,32,13,30,17,64,22,42,A+,A++,B+,A++,A++,A,,,,,
2,12,12,13,30,21,22,13,32,8,34,18,25,FF,A++,C,O,C,C,,,,,
3,6,0,7,6,0,0,0,13,0,0,9,15,FF,FF,FF,FF,FF,FF,,,,,
4,13,26,13,28,23,35,12,27,15,37,20,41,B+,A++,B+,A+,B,A,,,,,
5,20,47,15,34,29,62,14,33,29,65,29,64,O,O,O,O,O,O,,,,,
6,15,35,14,33,27,47,14,32,24,54,26,35,A+,O,A+,O,A+,A,,,,,
7,15,29,14,33,25,38,13,29,17,52,26,47,A,O,A,A++,A,A+,,,,,
8,13,31,14,30,19,33,14,29,8,40,18,0,A,A++,B,A++,C+,FF,,,,,
9,5,16,11,21,15,14,15,30,9,15,16,14,FF,A,FF,O,FF,FF,,,,,  
10,13,23,14,31,23,31,14,27,16,43,20,39,B,O,B,A++,B+,B+,,,,,
11,15,30,14,31,25,41,14,32,13,48,21,43,A,O,A,O,A,A,,,,,
12,12,26,14,28,22,22,13,29,14,35,14,21,B,A++,C,A++,C+,FF,,,,,
13,18,41,14,33,27,55,13,30,23,52,29,56,A++,O,A++,A++,A+,A++,,,,,
14,12,22,14,28,25,37,10,30,10,37,20,38,C+,A++,A,A++,C+,B+,,,,,
15,11,17,14,28,17,25,12,29,6,26,14,28,C,A++,C,A++,FF,C,,,,,
16,19,37,15,34,27,47,13,30,26,66,30,50,A++,O,A+,A++,O,A++,,,,,
17,17,39,14,30,24,55,15,33,22,59,22,51,A++,A++,A+,O,A++,A+,,,,,
18,12,36,12,26,25,59,14,34,28,61,28,46,A,A+,A++,O,A++,A+,,,,,
19,12,22,12,26,17,31,12,32,12,27,15,46,C+,A+,C+,A++,FF,A,,,,,
20,17,47,15,34,25,56,15,33,25,70,25,67,O,O,A++,O,O,O,,,,,
21,13,33,13,20,24,43,13,29,17,49,18,56,A,A,A,A++,A,A+,,,,,
22,15,30,14,32,25,42,13,34,19,48,25,49,A,O,A,O,A,A+,,,,,
23,12,23,12,26,25,35,14,32,16,35,22,41,B,A+,A,O,B,A,,,,,
24,14,35,12,30,23,38,13,31,13,52,23,49,A+,A++,A,A++,A,A+,,,,,
25,14,40,14,30,27,41,13,25,17,38,26,53,A+,A++,A,A+,B+,A+,,,,,
26,14,20,14,29,22,32,13,31,19,46,18,39,C+,A++,B,A++,A,B+,,,,,
27,11,30,13,29,24,42,13,31,19,60,24,61,B+,A++,A,A++,A+,A++,,,,,
28,8,24,11,23,15,32,11,25,9,31,15,32,C+,A,C+,A+,C,C+,,,,,
29,12,40,11,23,24,41,13,31,18,59,21,47,A+,A,A,A++,A+,A,,,,,
30,7,10,9,5,12,8,9,23,8,9,17,9,FF,FF,FF,A,FF,FF,,,,,
31,14,26,13,27,24,43,14,34,18,41,24,38,B+,A++,A,O,B+,A,,,,,
32,11,18,10,23,23,32,14,34,9,41,21,37,C,A,B+,O,B,B+,,,,,
33,11,25,12,28,14,20,10,32,3,10,17,23,B,A++,FF,A++,FF,C,,,,,
34,13,24,11,29,21,44,14,34,13,44,20,36,B,A++,A,O,B+,B+,,,,,
35,7,28,10,17,12,32,12,26,0,35,18,11,B,B,C,A+,FF,FF,,,,,
36,9,26,9,16,12,11,9,26,4,30,14,15,B,B,FF,A+,FF,FF,,,,,
37,14,25,11,27,15,44,12,30,7,44,21,33,B+,A+,B+,A++,B,B,,,,,
38,11,29,10,19,21,50,13,30,5,43,20,47,B+,B+,A+,A++,C+,A,,,,,
39,11,23,10,28,17,40,14,31,12,42,17,29,C+,A+,B+,O,B,C+,,,,,
40,12,30,13,30,27,46,13,31,19,42,23,53,A,A++,A+,A++,A,A+,,,,,
41,11,22,11,27,21,38,14,30,11,47,23,44,C+,A+,B+,A++,B+,A,,,,,
42,19,37,15,34,29,55,15,35,27,62,29,53,A++,O,A++,O,A++,A++,,,,,
43,10,17,11,20,18,28,14,31,15,35,15,27,FF,A,C+,O,B,C,,,,,
44,12,23,12,18,20,36,11,31,10,38,18,28,B,A,B+,A++,C+,C+,,,,,
45,8,11,9,21,12,8,11,29,3,9,15,25,FF,A,FF,A++,FF,C,,,,,
46,10,25,13,25,20,44,12,32,15,38,19,39,B,A+,A,A++,B,B+,,,,,
47,14,35,13,32,27,40,13,33,15,46,25,49,A+,O,A,O,A,A+,,,,,
48,10,8,10,10,14,14,12,31,4,29,18,31,FF,FF,FF,A++,FF,C+,,,,,
49,13,28,12,25,23,38,11,29,7,38,17,33,B+,A+,A,A++,C+,B,,,,,
50,7,11,6,12,14,9,13,29,3,24,14,14,FF,FF,FF,A++,FF,FF,,,,,
51,14,24,14,31,22,22,12,31,19,44,19,31,B,O,C,A++,A,B,,,,,
52,12,19,10,18,14,38,11,30,6,32,16,35,C,B+,B,A++,FF,B,,,,,
53,6,7,8,12,9,17,11,30,2,10,11,10,FF,FF,FF,A++,FF,FF,,,,,
54,13,31,12,27,22,36,14,31,13,50,21,43,A,A+,B+,O,A,A,,,,,
55,14,35,14,30,23,32,13,30,17,64,22,42,A+,A++,B+,A++,A++,A,,,,,
56,12,12,13,30,21,22,13,32,8,34,18,25,FF,A++,C,O,C,C,,,,,
57,6,0,7,6,0,0,0,13,0,0,9,15,FF,FF,FF,FF,FF,FF,,,,,
58,13,26,13,28,23,35,12,27,15,37,20,41,B+,A++,B+,A+,B,A,,,,,
59,20,47,15,34,29,62,14,33,29,65,29,64,O,O,O,O,O,O,,,,,
60,15,35,14,33,27,47,14,32,24,54,26,35,A+,O,A+,O,A+,A,,,,,
61,15,29,14,33,25,38,13,29,17,52,26,47,A,O,A,A++,A,A+,,,,,
62,13,31,14,30,19,33,14,29,8,40,18,11,A,A++,B,A++,C+,FF,,,,,
63,5,16,11,21,15,14,15,30,9,15,16,14,FF,A,FF,O,FF,FF,,,,,
64,13,23,14,31,23,31,14,27,16,43,20,39,B,O,B,A++,B+,B+,,,,,
65,15,30,14,31,25,41,14,32,13,48,21,43,A,O,A,O,A,A,,,,,
66,12,26,14,28,22,22,13,29,14,35,14,21,B,A++,C,A++,C+,FF,,,,,
67,18,41,14,33,27,55,13,30,23,52,29,56,A++,O,A++,A++,A+,A++,,,,,
68,12,22,14,28,25,37,10,30,10,37,20,38,C+,A++,A,A++,C+,B+,,,,,
69,11,17,14,28,17,25,12,29,6,26,14,28,C,A++,C,A++,FF,C,,,,,
70,19,37,15,34,27,47,13,30,26,66,30,50,A++,O,A+,A++,O,A++,,,,,
71,17,39,14,30,24,55,15,33,22,59,22,51,A++,A++,A+,O,A++,A+,,,,,
72,12,36,12,26,25,59,14,34,28,61,28,46,A,A+,A++,O,A++,A+,,,,,
73,12,22,12,26,17,31,12,32,12,27,15,46,C+,A+,C+,A++,FF,A,,,,,
74,17,47,15,34,25,56,15,33,25,70,25,67,O,O,A++,O,O,O,,,,,
75,13,33,13,20,24,43,13,29,17,49,18,56,A,A,A,A++,A,A+,,,,,
76,15,30,14,32,25,42,13,34,19,48,25,49,A,O,A,O,A,A+,,,,,
77,12,23,12,26,25,35,14,32,16,35,22,41,B,A+,A,O,B,A,,,,,
78,14,35,12,30,23,38,13,31,13,52,23,49,A+,A++,A,A++,A,A+,,,,,
79,14,40,14,30,27,41,13,25,17,38,26,53,A+,A++,A,A+,B+,A+,,,,,
80,14,20,14,29,22,32,13,31,19,46,18,39,C+,A++,B,A++,A,B+,,,,,
81,11,30,13,29,24,42,13,31,19,60,24,61,B+,A++,A,A++,A+,A++,,,,,
82,8,24,11,23,15,32,11,25,9,31,15,32,C+,A,C+,A+,C,C+,,,,,
83,12,40,11,23,24,41,13,31,18,59,21,47,A+,A,A,A++,A+,A,,,,,
84,7,10,9,5,12,8,9,23,8,9,17,9,FF,FF,FF,A,FF,FF,,,,,
85,14,26,13,27,24,43,14,34,18,41,24,38,B+,A++,A,O,B+,A,,,,,
86,11,18,10,23,23,32,14,34,9,41,21,37,C,A,B+,O,B,B+,,,,,
87,11,25,12,28,14,20,10,32,3,10,17,23,B,A++,FF,A++,FF,C,,,,,
88,13,24,11,29,21,44,14,34,13,44,20,36,B,A++,A,O,B+,B+,,,,,
89,7,28,10,17,12,32,12,26,0,35,18,11,B,B,C,A+,FF,FF,,,,,
90,9,26,9,16,12,11,9,26,4,30,14,15,B,B,FF,A+,FF,FF,,,,,
91,14,25,11,27,15,44,12,30,7,44,21,33,B+,A+,B+,A++,B,B,,,,,
92,11,29,10,19,21,50,13,30,5,43,20,47,B+,B+,A+,A++,C+,A,,,,,
93,11,23,10,28,17,40,14,31,12,42,17,29,C+,A+,B+,O,B,C+,,,,,
94,12,30,13,30,27,46,13,31,19,42,23,53,A,A++,A+,A++,A,A+,,,,,
95,11,22,11,27,21,38,14,30,11,47,23,44,C+,A+,B+,A++,B+,A,,,,,
96,19,37,15,34,29,55,15,35,27,62,29,53,A++,O,A++,O,A++,A++,,,,,
97,10,17,11,20,18,28,14,31,15,35,15,27,FF,A,C+,O,B,C,,,,,
98,12,23,12,18,20,36,11,31,10,38,18,28,B,A,B+,A++,C+,C+,,,,,
99,8,11,9,21,12,8,11,29,3,9,15,25,FF,A,FF,A++,FF,C,,,,,
100,10,25,13,25,20,44,12,32,15,38,19,39,B,A+,A,A++,B,B+,,,,,
101,14,35,13,32,27,40,13,33,15,46,25,49,A+,O,A,O,A,A+,,,,,
102,10,8,10,10,14,14,12,31,4,29,18,31,FF,FF,FF,A++,FF,C+,,,,,
103,13,28,12,25,23,38,11,29,7,38,17,33,B+,A+,A,A++,C+,B,,,,,
104,7,11,6,12,14,9,13,29,3,24,14,14,FF,FF,FF,A++,FF,FF,,,,,
105,14,24,14,31,22,22,12,31,19,44,19,31,B,O,C,A++,A,B,,,,,
106,12,19,10,18,14,38,11,30,6,32,16,35,C,B+,B,A++,FF,B,,,,,
107,6,7,8,12,9,17,11,30,2,0,13,0,FF,FF,FF,A++,FF,FF,,,,,
108,13,31,12,27,22,36,14,31,13,50,21,43,A,A+,B+,O,A,A,,,,,
109,14,35,14,30,23,32,13,30,17,64,22,42,A+,A++,B+,A++,A++,A,,,,,
110,12,12,13,30,21,22,13,32,8,34,18,25,FF,A++,C,O,C,C,,,,,
111,6,0,7,6,0,0,0,13,0,0,9,15,FF,FF,FF,FF,FF,FF,,,,,
112,13,26,13,28,23,35,12,27,15,37,20,41,B+,A++,B+,A+,B,A,,,,,
113,20,47,15,34,29,62,14,33,29,65,29,64,O,O,O,O,O,O,,,,,
114,15,35,14,33,27,47,14,32,24,54,26,35,A+,O,A+,O,A+,A,,,,,
115,15,29,14,33,25,38,13,29,17,52,26,47,A,O,A,A++,A,A+,,,,,
116,13,31,14,30,19,33,14,29,8,40,18,5,A,A++,B,A++,C+,FF,,,,,
117,5,16,11,21,15,14,15,30,9,15,16,14,FF,A,FF,O,FF,FF,,,,,
118,13,23,14,31,23,31,14,27,16,43,20,39,B,O,B,A++,B+,B+,,,,,
119,15,30,14,31,25,41,14,32,13,48,21,43,A,O,A,O,A,A,,,,,
120,12,26,14,28,22,22,13,29,14,35,14,21,B,A++,C,A++,C+,FF,,,,,
121,18,41,14,33,27,55,13,30,23,52,29,56,A++,O,A++,A++,A+,A++,,,,,
122,12,22,14,28,25,37,10,30,10,37,20,38,C+,A++,A,A++,C+,B+,,,,,
123,11,17,14,28,17,25,12,29,6,26,14,28,C,A++,C,A++,FF,C,,,,,
124,19,37,15,34,27,47,13,30,26,66,30,50,A++,O,A+,A++,O,A++,,,,,
125,17,39,14,30,24,55,15,33,22,59,22,51,A++,A++,A+,O,A++,A+,,,,,
126,12,36,12,26,25,59,14,34,28,61,28,46,A,A+,A++,O,A++,A+,,,,,
127,12,22,12,26,17,31,12,32,12,27,15,46,C+,A+,C+,A++,FF,A,,,,,
128,17,47,15,34,25,56,15,33,25,70,25,67,O,O,A++,O,O,O,,,,,
129,13,33,13,20,24,43,13,29,17,49,18,56,A,A,A,A++,A,A+,,,,,
130,15,30,14,32,25,42,13,34,19,48,25,49,A,O,A,O,A,A+,,,,,
131,12,23,12,26,25,35,14,32,16,35,22,41,B,A+,A,O,B,A,,,,,
132,14,35,12,30,23,38,13,31,13,52,23,49,A+,A++,A,A++,A,A+,,,,,
133,14,40,14,30,27,41,13,25,17,38,26,53,A+,A++,A,A+,B+,A+,,,,,
134,14,20,14,29,22,32,13,31,19,46,18,39,C+,A++,B,A++,A,B+,,,,,
135,11,30,13,29,24,42,13,31,19,60,24,61,B+,A++,A,A++,A+,A++,,,,,
136,8,24,11,23,15,32,11,25,9,31,15,32,C+,A,C+,A+,C,C+,,,,,
137,12,40,11,23,24,41,13,31,18,59,21,47,A+,A,A,A++,A+,A,,,,,
138,7,10,9,5,12,8,9,23,8,9,17,9,FF,FF,FF,A,FF,FF,,,,,
139,14,26,13,27,24,43,14,34,18,41,24,38,B+,A++,A,O,B+,A,,,,,
140,11,18,10,23,23,32,14,34,9,41,21,37,C,A,B+,O,B,B+,,,,,
141,11,25,12,28,14,20,10,32,3,10,17,23,B,A++,FF,A++,FF,C,,,,,
142,13,24,11,29,21,44,14,34,13,44,20,36,B,A++,A,O,B+,B+,,,,,
143,7,28,10,17,12,32,12,26,0,35,18,11,B,B,C,A+,FF,FF,,,,,
144,9,26,9,16,12,11,9,26,4,30,14,15,B,B,FF,A+,FF,FF,,,,,
145,14,25,11,27,15,44,12,30,7,44,21,33,B+,A+,B+,A++,B,B,,,,,
146,11,29,10,19,21,50,13,30,5,43,20,47,B+,B+,A+,A++,C+,A,,,,,
147,11,23,10,28,17,40,14,31,12,42,17,29,C+,A+,B+,O,B,C+,,,,,
148,12,30,13,30,27,46,13,31,19,42,23,53,A,A++,A+,A++,A,A+,,,,,
149,11,22,11,27,21,38,14,30,11,47,23,44,C+,A+,B+,A++,B+,A,,,,,
150,19,37,15,34,29,55,15,35,27,62,29,53,A++,O,A++,O,A++,A++,,,,,
151,10,17,11,20,18,28,14,31,15,35,15,27,FF,A,C+,O,B,C,,,,,
152,12,23,12,18,20,36,11,31,10,38,18,28,B,A,B+,A++,C+,C+,,,,,
153,8,11,9,21,12,8,11,29,3,9,15,25,FF,A,FF,A++,FF,C,,,,,
154,10,25,13,25,20,44,12,32,15,38,19,39,B,A+,A,A++,B,B+,,,,,
155,14,35,13,32,27,40,13,33,15,46,25,49,A+,O,A,O,A,A+,,,,,
156,10,8,10,10,14,14,12,31,4,29,18,31,FF,FF,FF,A++,FF,C+,,,,,
157,13,28,12,25,23,38,11,29,7,38,17,33,B+,A+,A,A++,C+,B,,,,,
158,7,11,6,12,14,9,13,29,3,24,14,14,FF,FF,FF,A++,FF,FF,,,,,
159,14,24,14,31,22,22,12,31,19,44,19,31,B,O,C,A++,A,B,,,,,
160,12,19,10,18,14,38,11,30,6,32,16,35,C,B+,B,A++,FF,B,,,,,
161,6,7,8,12,9,17,11,30,2,2,3,9,FF,FF,FF,A++,FF,FF,,,,,
162,13,31,12,27,22,36,14,31,13,50,21,43,A,A+,B+,O,A,A,,,,,
163,14,35,14,30,23,32,13,30,17,64,22,42,A+,A++,B+,A++,A++,A,,,,,
164,12,12,13,30,21,22,13,32,8,34,18,25,FF,A++,C,O,C,C,,,,,
165,6,0,7,6,0,0,0,13,0,0,9,15,FF,FF,FF,FF,FF,FF,,,,,
166,13,26,13,28,23,35,12,27,15,37,20,41,B+,A++,B+,A+,B,A,,,,,
167,20,47,15,34,29,62,14,33,29,65,29,64,O,O,O,O,O,O,,,,,
168,15,35,14,33,27,47,14,32,24,54,26,35,A+,O,A+,O,A+,A,,,,,
169,15,29,14,33,25,38,13,29,17,52,26,47,A,O,A,A++,A,A+,,,,,
170,13,31,14,30,19,33,14,29,8,40,18,11,A,A++,B,A++,C+,FF,,,,,
171,5,16,11,21,15,14,15,30,9,15,16,14,FF,A,FF,O,FF,FF,,,,,
172,13,23,14,31,23,31,14,27,16,43,20,39,B,O,B,A++,B+,B+,,,,,
173,15,30,14,31,25,41,14,32,13,48,21,43,A,O,A,O,A,A,,,,,
174,12,26,14,28,22,22,13,29,14,35,14,21,B,A++,C,A++,C+,FF,,,,,
175,18,41,14,33,27,55,13,30,23,52,29,56,A++,O,A++,A++,A+,A++,,,,,
176,12,22,14,28,25,37,10,30,10,37,20,38,C+,A++,A,A++,C+,B+,,,,,
177,11,17,14,28,17,25,12,29,6,26,14,28,C,A++,C,A++,FF,C,,,,,
178,19,37,15,34,27,47,13,30,26,66,30,50,A++,O,A+,A++,O,A++,,,,,
179,17,39,14,30,24,55,15,33,22,59,22,51,A++,A++,A+,O,A++,A+,,,,,
180,12,36,12,26,25,59,14,34,28,61,28,46,A,A+,A++,O,A++,A+,,,,,
181,12,22,12,26,17,31,12,32,12,27,15,46,C+,A+,C+,A++,FF,A,,,,,
182,17,47,15,34,25,56,15,33,25,70,25,67,O,O,A++,O,O,O,,,,,
183,13,33,13,20,24,43,13,29,17,49,18,56,A,A,A,A++,A,A+,,,,,
184,15,30,14,32,25,42,13,34,19,48,25,49,A,O,A,O,A,A+,,,,,
185,12,23,12,26,25,35,14,32,16,35,22,41,B,A+,A,O,B,A,,,,,
186,14,35,12,30,23,38,13,31,13,52,23,49,A+,A++,A,A++,A,A+,,,,,
187,14,40,14,30,27,41,13,25,17,38,26,53,A+,A++,A,A+,B+,A+,,,,,
188,14,20,14,29,22,32,13,31,19,46,18,39,C+,A++,B,A++,A,B+,,,,,
189,11,30,13,29,24,42,13,31,19,60,24,61,B+,A++,A,A++,A+,A++,,,,,
190,8,24,11,23,15,32,11,25,9,31,15,32,C+,A,C+,A+,C,C+,,,,,
191,12,40,11,23,24,41,13,31,18,59,21,47,A+,A,A,A++,A+,A,,,,,
192,7,10,9,5,12,8,9,23,8,9,17,9,FF,FF,FF,A,FF,FF,,,,,
193,14,26,13,27,24,43,14,34,18,41,24,38,B+,A++,A,O,B+,A,,,,,
194,11,18,10,23,23,32,14,34,9,41,21,37,C,A,B+,O,B,B+,,,,,
195,11,25,12,28,14,20,10,32,3,10,17,23,B,A++,FF,A++,FF,C,,,,,
196,13,24,11,29,21,44,14,34,13,44,20,36,B,A++,A,O,B+,B+,,,,,
197,7,28,10,17,12,32,12,26,0,35,18,11,B,B,C,A+,FF,FF,,,,,
198,9,26,9,16,12,11,9,26,4,30,14,15,B,B,FF,A+,FF,FF,,,,,
199,14,25,11,27,15,44,12,30,7,44,21,33,B+,A+,B+,A++,B,B,,,,,
200,11,29,10,19,21,50,13,30,5,43,20,47,B+,B+,A+,A++,C+,A,,,,,
201,11,23,10,28,17,40,14,31,12,42,17,29,C+,A+,B+,O,B,C+,,,,,
202,12,30,13,30,27,46,13,31,19,42,23,53,A,A++,A+,A++,A,A+,,,,,
203,11,22,11,27,21,38,14,30,11,47,23,44,C+,A+,B+,A++,B+,A,,,,,
204,19,37,15,34,29,55,15,35,27,62,29,53,A++,O,A++,O,A++,A++,,,,,
205,10,17,11,20,18,28,14,31,15,35,15,27,FF,A,C+,O,B,C,,,,,
206,12,23,12,18,20,36,11,31,10,38,18,28,B,A,B+,A++,C+,C+,,,,,
207,8,11,9,21,12,8,11,29,3,9,15,25,FF,A,FF,A++,FF,C,,,,,
208,10,25,13,25,20,44,12,32,15,38,19,39,B,A+,A,A++,B,B+,,,,,
209,14,35,13,32,27,40,13,33,15,46,25,49,A+,O,A,O,A,A+,,,,,
210,10,8,10,10,14,14,12,31,4,29,18,31,FF,FF,FF,A++,FF,C+,,,,,
211,13,28,12,25,23,38,11,29,7,38,17,33,B+,A+,A,A++,C+,B,,,,,
212,7,11,6,12,14,9,13,29,3,24,14,14,FF,FF,FF,A++,FF,FF,,,,,
213,14,24,14,31,22,22,12,31,19,44,19,31,B,O,C,A++,A,B,,,,,
214,12,19,10,18,14,38,11,30,6,32,16,35,C,B+,B,A++,FF,B,,,,,
215,6,7,8,12,9,17,11,30,2,16,19,26,FF,FF,FF,A++,FF,FF,,,,,
216,13,31,12,27,22,36,14,31,13,50,21,43,A,A+,B+,O,A,A,,,,,
217,14,35,14,30,23,32,13,30,17,64,22,42,A+,A++,B+,A++,A++,A,,,,,
218,12,12,13,30,21,22,13,32,8,34,18,25,FF,A++,C,O,C,C,,,,,
219,6,0,7,6,0,0,0,13,0,0,9,15,FF,FF,FF,FF,FF,FF,,,,,
220,13,26,13,28,23,35,12,27,15,37,20,41,B+,A++,B+,A+,B,A,,,,,
221,20,47,15,34,29,62,14,33,29,65,29,64,O,O,O,O,O,O,,,,,
222,15,35,14,33,27,47,14,32,24,54,26,35,A+,O,A+,O,A+,A,,,,,
223,15,29,14,33,25,38,13,29,17,52,26,47,A,O,A,A++,A,A+,,,,,
224,13,31,14,30,19,33,14,29,8,40,18,40,A,A++,B,A++,C+,FF,,,,,
225,5,16,11,21,15,14,15,30,9,15,16,14,FF,A,FF,O,FF,FF,,,,,
226,13,23,14,31,23,31,14,27,16,43,20,39,B,O,B,A++,B+,B+,,,,,
227,15,30,14,31,25,41,14,32,13,48,21,43,A,O,A,O,A,A,,,,,
228,12,26,14,28,22,22,13,29,14,35,14,21,B,A++,C,A++,C+,FF,,,,,
229,18,41,14,33,27,55,13,30,23,52,29,56,A++,O,A++,A++,A+,A++,,,,,
230,12,22,14,28,25,37,10,30,10,37,20,38,C+,A++,A,A++,C+,B+,,,,,
231,11,17,14,28,17,25,12,29,6,26,14,28,C,A++,C,A++,FF,C,,,,,
232,19,37,15,34,27,47,13,30,26,66,30,50,A++,O,A+,A++,O,A++,,,,,
233,17,39,14,30,24,55,15,33,22,59,22,51,A++,A++,A+,O,A++,A+,,,,,
234,12,36,12,26,25,59,14,34,28,61,28,46,A,A+,A++,O,A++,A+,,,,,
235,12,22,12,26,17,31,12,32,12,27,15,46,C+,A+,C+,A++,FF,A,,,,,
236,17,47,15,34,25,56,15,33,25,70,25,67,O,O,A++,O,O,O,,,,,
237,13,33,13,20,24,43,13,29,17,49,18,56,A,A,A,A++,A,A+,,,,,
238,15,30,14,32,25,42,13,34,19,48,25,49,A,O,A,O,A,A+,,,,,
239,12,23,12,26,25,35,14,32,16,35,22,41,B,A+,A,O,B,A,,,,,
240,14,35,12,30,23,38,13,31,13,52,23,49,A+,A++,A,A++,A,A+,,,,,
241,14,40,14,30,27,41,13,25,17,38,26,53,A+,A++,A,A+,B+,A+,,,,,
242,14,20,14,29,22,32,13,31,19,46,18,39,C+,A++,B,A++,A,B+,,,,,
243,11,30,13,29,24,42,13,31,19,60,24,61,B+,A++,A,A++,A+,A++,,,,,
244,8,24,11,23,15,32,11,25,9,31,15,32,C+,A,C+,A+,C,C+,,,,,
245,12,40,11,23,24,41,13,31,18,59,21,47,A+,A,A,A++,A+,A,,,,,
246,7,10,9,5,12,8,9,23,8,9,17,9,FF,FF,FF,A,FF,FF,,,,,
247,14,26,13,27,24,43,14,34,18,41,24,38,B+,A++,A,O,B+,A,,,,,
248,11,18,10,23,23,32,14,34,9,41,21,37,C,A,B+,O,B,B+,,,,,
249,11,25,12,28,14,20,10,32,3,10,17,23,B,A++,FF,A++,FF,C,,,,,
250,13,24,11,29,21,44,14,34,13,44,20,36,B,A++,A,O,B+,B+,,,,,
251,7,28,10,17,12,32,12,26,0,35,18,11,B,B,C,A+,FF,FF,,,,,
252,9,26,9,16,12,11,9,26,4,30,14,15,B,B,FF,A+,FF,FF,,,,,
253,14,25,11,27,15,44,12,30,7,44,21,33,B+,A+,B+,A++,B,B,,,,,
254,11,29,10,19,21,50,13,30,5,43,20,47,B+,B+,A+,A++,C+,A,,,,,
255,11,23,10,28,17,40,14,31,12,42,17,29,C+,A+,B+,O,B,C+,,,,,
256,12,30,13,30,27,46,13,31,19,42,23,53,A,A++,A+,A++,A,A+,,,,,
257,11,22,11,27,21,38,14,30,11,47,23,44,C+,A+,B+,A++,B+,A,,,,,
258,19,37,15,34,29,55,15,35,27,62,29,53,A++,O,A++,O,A++,A++,,,,,
259,10,17,11,20,18,28,14,31,15,35,15,27,FF,A,C+,O,B,C,,,,,
260,12,23,12,18,20,36,11,31,10,38,18,28,B,A,B+,A++,C+,C+,,,,,
261,8,11,9,21,12,8,11,29,3,9,15,25,FF,A,FF,A++,FF,C,,,,,
262,10,25,13,25,20,44,12,32,15,38,19,39,B,A+,A,A++,B,B+,,,,,
263,14,35,13,32,27,40,13,33,15,46,25,49,A+,O,A,O,A,A+,,,,,
264,10,8,10,10,14,14,12,31,4,29,18,31,FF,FF,FF,A++,FF,C+,,,,,
265,13,28,12,25,23,38,11,29,7,38,17,33,B+,A+,A,A++,C+,B,,,,,
266,7,11,6,12,14,9,13,29,3,24,14,14,FF,FF,FF,A++,FF,FF,,,,,
267,14,24,14,31,22,22,12,31,19,44,19,31,B,O,C,A++,A,B,,,,,
268,12,19,10,18,14,38,11,30,6,32,16,35,C,B+,B,A++,FF,B,,,,,
269,6,7,8,12,9,17,11,30,2,0,0,0,FF,FF,FF,A++,0,FF,,,,,
270,13,31,12,27,22,36,14,31,13,50,21,43,A,A+,B+,O,A,A,,,,,
271,14,35,14,30,23,32,13,30,17,64,22,42,A+,A++,B+,A++,A++,A,,,,,
272,12,12,13,30,21,22,13,32,8,34,18,25,FF,A++,C,O,C,C,,,,,
273,6,0,7,6,0,0,0,13,0,0,9,15,FF,FF,FF,FF,FF,FF,,,,,
274,13,26,13,28,23,35,12,27,15,37,20,41,B+,A++,B+,A+,B,A,,,,,
275,20,47,15,34,29,62,14,33,29,65,29,64,O,O,O,O,O,O,,,,,
276,15,35,14,33,27,47,14,32,24,54,26,35,A+,O,A+,O,A+,A,,,,,
277,15,29,14,33,25,38,13,29,17,52,26,47,A,O,A,A++,A,A+,,,,,
278,13,31,14,30,19,33,14,29,8,40,18,23,A,A++,B,A++,C+,FF,,,,,
279,5,16,11,21,15,14,15,30,9,15,16,14,FF,A,FF,O,FF,FF,,,,,
280,13,23,14,31,23,31,14,27,16,43,20,39,B,O,B,A++,B+,B+,,,,,
281,15,30,14,31,25,41,14,32,13,48,21,43,A,O,A,O,A,A,,,,,
282,12,26,14,28,22,22,13,29,14,35,14,21,B,A++,C,A++,C+,FF,,,,,
283,18,41,14,33,27,55,13,30,23,52,29,56,A++,O,A++,A++,A+,A++,,,,,
284,12,22,14,28,25,37,10,30,10,37,20,38,C+,A++,A,A++,C+,B+,,,,,
285,11,17,14,28,17,25,12,29,6,26,14,28,C,A++,C,A++,FF,C,,,,,
286,19,37,15,34,27,47,13,30,26,66,30,50,A++,O,A+,A++,O,A++,,,,,
287,17,39,14,30,24,55,15,33,22,59,22,51,A++,A++,A+,O,A++,A+,,,,,
288,12,36,12,26,25,59,14,34,28,61,28,46,A,A+,A++,O,A++,A+,,,,,
289,12,22,12,26,17,31,12,32,12,27,15,46,C+,A+,C+,A++,FF,A,,,,,
290,17,47,15,34,25,56,15,33,25,70,25,67,O,O,A++,O,O,O,,,,,
291,13,33,13,20,24,43,13,29,17,49,18,56,A,A,A,A++,A,A+,,,,,
292,15,30,14,32,25,42,13,34,19,48,25,49,A,O,A,O,A,A+,,,,,
293,12,23,12,26,25,35,14,32,16,35,22,41,B,A+,A,O,B,A,,,,,
294,14,35,12,30,23,38,13,31,13,52,23,49,A+,A++,A,A++,A,A+,,,,,
295,14,40,14,30,27,41,13,25,17,38,26,53,A+,A++,A,A+,B+,A+,,,,,
296,14,20,14,29,22,32,13,31,19,46,18,39,C+,A++,B,A++,A,B+,,,,,
297,11,30,13,29,24,42,13,31,19,60,24,61,B+,A++,A,A++,A+,A++,,,,,
298,8,24,11,23,15,32,11,25,9,31,15,32,C+,A,C+,A+,C,C+,,,,,
299,12,40,11,23,24,41,13,31,18,59,21,47,A+,A,A,A++,A+,A,,,,,
300,7,10,9,5,12,8,9,23,8,9,17,9,FF,FF,FF,A,FF,FF,,,,,
301,14,26,13,27,24,43,14,34,18,41,24,38,B+,A++,A,O,B+,A,,,,,
302,11,18,10,23,23,32,14,34,9,41,21,37,C,A,B+,O,B,B+,,,,,
303,11,25,12,28,14,20,10,32,3,10,17,23,B,A++,FF,A++,FF,C,,,,,
304,13,24,11,29,21,44,14,34,13,44,20,36,B,A++,A,O,B+,B+,,,,,
305,7,28,10,17,12,32,12,26,0,35,18,11,B,B,C,A+,FF,FF,,,,,
306,9,26,9,16,12,11,9,26,4,30,14,15,B,B,FF,A+,FF,FF,,,,,
307,14,25,11,27,15,44,12,30,7,44,21,33,B+,A+,B+,A++,B,B,,,,,
308,11,29,10,19,21,50,13,30,5,43,20,47,B+,B+,A+,A++,C+,A,,,,,
309,11,23,10,28,17,40,14,31,12,42,17,29,C+,A+,B+,O,B,C+,,,,,
310,12,30,13,30,27,46,13,31,19,42,23,53,A,A++,A+,A++,A,A+,,,,,
311,11,22,11,27,21,38,14,30,11,47,23,44,C+,A+,B+,A++,B+,A,,,,,
312,19,37,15,34,29,55,15,35,27,62,29,53,A++,O,A++,O,A++,A++,,,,,
313,10,17,11,20,18,28,14,31,15,35,15,27,FF,A,C+,O,B,C,,,,,
314,12,23,12,18,20,36,11,31,10,38,18,28,B,A,B+,A++,C+,C+,,,,,
315,8,11,9,21,12,8,11,29,3,9,15,25,FF,A,FF,A++,FF,C,,,,,
316,10,25,13,25,20,44,12,32,15,38,19,39,B,A+,A,A++,B,B+,,,,,
317,14,35,13,32,27,40,13,33,15,46,25,49,A+,O,A,O,A,A+,,,,,
318,10,8,10,10,14,14,12,31,4,29,18,31,FF,FF,FF,A++,FF,C+,,,,,
319,13,28,12,25,23,38,11,29,7,38,17,33,B+,A+,A,A++,C+,B,,,,,
320,7,11,6,12,14,9,13,29,3,24,14,14,FF,FF,FF,A++,FF,FF,,,,,
321,14,24,14,31,22,22,12,31,19,44,19,31,B,O,C,A++,A,B,,,,,
322,12,19,10,18,14,38,11,30,6,32,16,35,C,B+,B,A++,FF,B,,,,,
323,6,7,8,12,9,17,11,30,2,3,15,14,FF,FF,FF,A++,FF,FF,,,,,
324,13,31,12,27,22,36,14,31,13,50,21,43,A,A+,B+,O,A,A,,,,,
325,14,35,14,30,23,32,13,30,17,64,22,42,A+,A++,B+,A++,A++,A,,,,,
326,12,12,13,30,21,22,13,32,8,34,18,25,FF,A++,C,O,C,C,,,,,
327,6,0,7,6,0,0,0,13,0,0,9,15,FF,FF,FF,FF,FF,FF,,,,,
328,13,26,13,28,23,35,12,27,15,37,20,41,B+,A++,B+,A+,B,A,,,,,
329,20,47,15,34,29,62,14,33,29,65,29,64,O,O,O,O,O,O,,,,,
330,15,35,14,33,27,47,14,32,24,54,26,35,A+,O,A+,O,A+,A,,,,,
331,15,29,14,33,25,38,13,29,17,52,26,47,A,O,A,A++,A,A+,,,,,
332,13,31,14,30,19,33,14,29,8,40,18,25,A,A++,B,A++,C+,FF,,,,,
333,5,16,11,21,15,14,15,30,9,15,16,14,FF,A,FF,O,FF,FF,,,,,
334,13,23,14,31,23,31,14,27,16,43,20,39,B,O,B,A++,B+,B+,,,,,
335,15,30,14,31,25,41,14,32,13,48,21,43,A,O,A,O,A,A,,,,,
336,12,26,14,28,22,22,13,29,14,35,14,21,B,A++,C,A++,C+,FF,,,,,
337,18,41,14,33,27,55,13,30,23,52,29,56,A++,O,A++,A++,A+,A++,,,,,
338,12,22,14,28,25,37,10,30,10,37,20,38,C+,A++,A,A++,C+,B+,,,,,
339,11,17,14,28,17,25,12,29,6,26,14,28,C,A++,C,A++,FF,C,,,,,
340,19,37,15,34,27,47,13,30,26,66,30,50,A++,O,A+,A++,O,A++,,,,,
341,17,39,14,30,24,55,15,33,22,59,22,51,A++,A++,A+,O,A++,A+,,,,,
342,12,36,12,26,25,59,14,34,28,61,28,46,A,A+,A++,O,A++,A+,,,,,
343,12,22,12,26,17,31,12,32,12,27,15,46,C+,A+,C+,A++,FF,A,,,,,
344,17,47,15,34,25,56,15,33,25,70,25,67,O,O,A++,O,O,O,,,,,
345,13,33,13,20,24,43,13,29,17,49,18,56,A,A,A,A++,A,A+,,,,,
346,15,30,14,32,25,42,13,34,19,48,25,49,A,O,A,O,A,A+,,,,,
347,12,23,12,26,25,35,14,32,16,35,22,41,B,A+,A,O,B,A,,,,,
348,14,35,12,30,23,38,13,31,13,52,23,49,A+,A++,A,A++,A,A+,,,,,
349,14,40,14,30,27,41,13,25,17,38,26,53,A+,A++,A,A+,B+,A+,,,,,
350,14,20,14,29,22,32,13,31,19,46,18,39,C+,A++,B,A++,A,B+,,,,,
351,11,30,13,29,24,42,13,31,19,60,24,61,B+,A++,A,A++,A+,A++,,,,,
352,8,24,11,23,15,32,11,25,9,31,15,32,C+,A,C+,A+,C,C+,,,,,
353,12,40,11,23,24,41,13,31,18,59,21,47,A+,A,A,A++,A+,A,,,,,
354,7,10,9,5,12,8,9,23,8,9,17,9,FF,FF,FF,A,FF,FF,,,,,
355,14,26,13,27,24,43,14,34,18,41,24,38,B+,A++,A,O,B+,A,,,,,
356,11,18,10,23,23,32,14,34,9,41,21,37,C,A,B+,O,B,B+,,,,,
357,11,25,12,28,14,20,10,32,3,10,17,23,B,A++,FF,A++,FF,C,,,,,
358,13,24,11,29,21,44,14,34,13,44,20,36,B,A++,A,O,B+,B+,,,,,
359,7,28,10,17,12,32,12,26,0,35,18,11,B,B,C,A+,FF,FF,,,,,
360,9,26,9,16,12,11,9,26,4,30,14,15,B,B,FF,A+,FF,FF,,,,,
361,14,25,11,27,15,44,12,30,7,44,21,33,B+,A+,B+,A++,B,B,,,,,
362,11,29,10,19,21,50,13,30,5,43,20,47,B+,B+,A+,A++,C+,A,,,,,
363,11,23,10,28,17,40,14,31,12,42,17,29,C+,A+,B+,O,B,C+,,,,,
364,12,30,13,30,27,46,13,31,19,42,23,53,A,A++,A+,A++,A,A+,,,,,
365,11,22,11,27,21,38,14,30,11,47,23,44,C+,A+,B+,A++,B+,A,,,,,
366,19,37,15,34,29,55,15,35,27,62,29,53,A++,O,A++,O,A++,A++,,,,,
367,10,17,11,20,18,28,14,31,15,35,15,27,FF,A,C+,O,B,C,,,,,
368,12,23,12,18,20,36,11,31,10,38,18,28,B,A,B+,A++,C+,C+,,,,,
369,8,11,9,21,12,8,11,29,3,9,15,25,FF,A,FF,A++,FF,C,,,,,
370,10,25,13,25,20,44,12,32,15,38,19,39,B,A+,A,A++,B,B+,,,,,
371,14,35,13,32,27,40,13,33,15,46,25,49,A+,O,A,O,A,A+,,,,,
372,10,8,10,10,14,14,12,31,4,29,18,31,FF,FF,FF,A++,FF,C+,,,,,
373,13,28,12,25,23,38,11,29,7,38,17,33,B+,A+,A,A++,C+,B,,,,,
374,7,11,6,12,14,9,13,29,3,24,14,14,FF,FF,FF,A++,FF,FF,,,,,
375,14,24,14,31,22,22,12,31,19,44,19,31,B,O,C,A++,A,B,,,,,
376,12,19,10,18,14,38,11,30,6,32,16,35,C,B+,B,A++,FF,B,,,,,
377,6,7,8,12,9,17,11,30,2,12,14,25,FF,FF,FF,A++,FF,FF,,,,,
378,13,31,12,27,22,36,14,31,13,50,21,43,A,A+,B+,O,A,A,,,,,
379,14,35,14,30,23,32,13,30,17,64,22,42,A+,A++,B+,A++,A++,A,,,,,
380,12,12,13,30,21,22,13,32,8,34,18,25,FF,A++,C,O,C,C,,,,,
381,6,0,7,6,0,0,0,13,0,0,9,15,FF,FF,FF,FF,FF,FF,,,,,
382,13,26,13,28,23,35,12,27,15,37,20,41,B+,A++,B+,A+,B,A,,,,,
383,20,47,15,34,29,62,14,33,29,65,29,64,O,O,O,O,O,O,,,,,
384,15,35,14,33,27,47,14,32,24,54,26,35,A+,O,A+,O,A+,A,,,,,
385,15,29,14,33,25,38,13,29,17,52,26,47,A,O,A,A++,A,A+,,,,,
386,13,31,14,30,19,33,14,29,8,40,18,30,A,A++,B,A++,C+,FF,,,,,
387,5,16,11,21,15,14,15,30,9,15,16,14,FF,A,FF,O,FF,FF,,,,,
388,13,23,14,31,23,31,14,27,16,43,20,39,B,O,B,A++,B+,B+,,,,,
389,15,30,14,31,25,41,14,32,13,48,21,43,A,O,A,O,A,A,,,,,
390,12,26,14,28,22,22,13,29,14,35,14,21,B,A++,C,A++,C+,FF,,,,,
391,18,41,14,33,27,55,13,30,23,52,29,56,A++,O,A++,A++,A+,A++,,,,,
392,12,22,14,28,25,37,10,30,10,37,20,38,C+,A++,A,A++,C+,B+,,,,,
393,11,17,14,28,17,25,12,29,6,26,14,28,C,A++,C,A++,FF,C,,,,,
394,19,37,15,34,27,47,13,30,26,66,30,50,A++,O,A+,A++,O,A++,,,,,
395,17,39,14,30,24,55,15,33,22,59,22,51,A++,A++,A+,O,A++,A+,,,,,
396,12,36,12,26,25,59,14,34,28,61,28,46,A,A+,A++,O,A++,A+,,,,,
397,12,22,12,26,17,31,12,32,12,27,15,46,C+,A+,C+,A++,FF,A,,,,,
398,17,47,15,34,25,56,15,33,25,70,25,67,O,O,A++,O,O,O,,,,,
399,13,33,13,20,24,43,13,29,17,49,18,56,A,A,A,A++,A,A+,,,,,
400,15,30,14,32,25,42,13,34,19,48,25,49,A,O,A,O,A,A+,,,,,
401,12,23,12,26,25,35,14,32,16,35,22,41,B,A+,A,O,B,A,,,,,
402,14,35,12,30,23,38,13,31,13,52,23,49,A+,A++,A,A++,A,A+,,,,,
403,14,40,14,30,27,41,13,25,17,38,26,53,A+,A++,A,A+,B+,A+,,,,,
404,14,20,14,29,22,32,13,31,19,46,18,39,C+,A++,B,A++,A,B+,,,,,
405,11,30,13,29,24,42,13,31,19,60,24,61,B+,A++,A,A++,A+,A++,,,,,
406,8,24,11,23,15,32,11,25,9,31,15,32,C+,A,C+,A+,C,C+,,,,,
407,12,40,11,23,24,41,13,31,18,59,21,47,A+,A,A,A++,A+,A,,,,,
408,7,10,9,5,12,8,9,23,8,9,17,9,FF,FF,FF,A,FF,FF,,,,,
409,14,26,13,27,24,43,14,34,18,41,24,38,B+,A++,A,O,B+,A,,,,,
410,11,18,10,23,23,32,14,34,9,41,21,37,C,A,B+,O,B,B+,,,,,
411,11,25,12,28,14,20,10,32,3,10,17,23,B,A++,FF,A++,FF,C,,,,,
412,13,24,11,29,21,44,14,34,13,44,20,36,B,A++,A,O,B+,B+,,,,,
413,7,28,10,17,12,32,12,26,0,35,18,11,B,B,C,A+,FF,FF,,,,,
414,9,26,9,16,12,11,9,26,4,30,14,15,B,B,FF,A+,FF,FF,,,,,
415,14,25,11,27,15,44,12,30,7,44,21,33,B+,A+,B+,A++,B,B,,,,,
416,11,29,10,19,21,50,13,30,5,43,20,47,B+,B+,A+,A++,C+,A,,,,,
417,11,23,10,28,17,40,14,31,12,42,17,29,C+,A+,B+,O,B,C+,,,,,
418,12,30,13,30,27,46,13,31,19,42,23,53,A,A++,A+,A++,A,A+,,,,,
419,11,22,11,27,21,38,14,30,11,47,23,44,C+,A+,B+,A++,B+,A,,,,,
420,19,37,15,34,29,55,15,35,27,62,29,53,A++,O,A++,O,A++,A++,,,,,
421,10,17,11,20,18,28,14,31,15,35,15,27,FF,A,C+,O,B,C,,,,,
422,12,23,12,18,20,36,11,31,10,38,18,28,B,A,B+,A++,C+,C+,,,,,
423,8,11,9,21,12,8,11,29,3,9,15,25,FF,A,FF,A++,FF,C,,,,,
424,10,25,13,25,20,44,12,32,15,38,19,39,B,A+,A,A++,B,B+,,,,,
425,14,35,13,32,27,40,13,33,15,46,25,49,A+,O,A,O,A,A+,,,,,
426,10,8,10,10,14,14,12,31,4,29,18,31,FF,FF,FF,A++,FF,C+,,,,,
427,13,28,12,25,23,38,11,29,7,38,17,33,B+,A+,A,A++,C+,B,,,,,
428,7,11,6,12,14,9,13,29,3,24,14,14,FF,FF,FF,A++,FF,FF,,,,,
429,14,24,14,31,22,22,12,31,19,44,19,31,B,O,C,A++,A,B,,,,,
430,12,19,10,18,14,38,11,30,6,32,16,35,C,B+,B,A++,FF,B,,,,,
431,6,7,8,12,9,17,11,30,2,20,23,25,FF,FF,FF,A++,FF(Ab),FF,,,,,
432,13,31,12,27,22,36,14,31,13,50,21,43,A,A+,B+,O,A,A,,,,,
433,14,35,14,30,23,32,13,30,17,64,22,42,A+,A++,B+,A++,A++,A,,,,,
434,12,12,13,30,21,22,13,32,8,34,18,25,FF,A++,C,O,C,C,,,,,
435,6,0,7,6,0,0,0,13,0,0,9,15,FF,FF,FF,FF,FF,FF,,,,,
436,13,26,13,28,23,35,12,27,15,37,20,41,B+,A++,B+,A+,B,A,,,,,
437,20,47,15,34,29,62,14,33,29,65,29,64,O,O,O,O,O,O,,,,,
438,15,35,14,33,27,47,14,32,24,54,26,35,A+,O,A+,O,A+,A,,,,,
439,15,29,14,33,25,38,13,29,17,52,26,47,A,O,A,A++,A,A+,,,,,
440,13,31,14,30,19,33,14,29,8,40,18,35,A,A++,B,A++,C+,FF,,,,,
441,5,16,11,21,15,14,15,30,9,15,16,14,FF,A,FF,O,FF,FF,,,,,
442,13,23,14,31,23,31,14,27,16,43,20,39,B,O,B,A++,B+,B+,,,,,
443,15,30,14,31,25,41,14,32,13,48,21,43,A,O,A,O,A,A,,,,,
444,12,26,14,28,22,22,13,29,14,35,14,21,B,A++,C,A++,C+,FF,,,,,
445,18,41,14,33,27,55,13,30,23,52,29,56,A++,O,A++,A++,A+,A++,,,,,
446,12,22,14,28,25,37,10,30,10,37,20,38,C+,A++,A,A++,C+,B+,,,,,
447,11,17,14,28,17,25,12,29,6,26,14,28,C,A++,C,A++,FF,C,,,,,
448,19,37,15,34,27,47,13,30,26,66,30,50,A++,O,A+,A++,O,A++,,,,,
449,17,39,14,30,24,55,15,33,22,59,22,51,A++,A++,A+,O,A++,A+,,,,,
450,12,36,12,26,25,59,14,34,28,61,28,46,A,A+,A++,O,A++,A+,,,,,
451,12,22,12,26,17,31,12,32,12,27,15,46,C+,A+,C+,A++,FF,A,,,,,
452,17,47,15,34,25,56,15,33,25,70,25,67,O,O,A++,O,O,O,,,,,
453,13,33,13,20,24,43,13,29,17,49,18,56,A,A,A,A++,A,A+,,,,,
454,15,30,14,32,25,42,13,34,19,48,25,49,A,O,A,O,A,A+,,,,,
455,12,23,12,26,25,35,14,32,16,35,22,41,B,A+,A,O,B,A,,,,,
456,14,35,12,30,23,38,13,31,13,52,23,49,A+,A++,A,A++,A,A+,,,,,
457,14,40,14,30,27,41,13,25,17,38,26,53,A+,A++,A,A+,B+,A+,,,,,
458,14,20,14,29,22,32,13,31,19,46,18,39,C+,A++,B,A++,A,B+,,,,,
459,11,30,13,29,24,42,13,31,19,60,24,61,B+,A++,A,A++,A+,A++,,,,,
460,8,24,11,23,15,32,11,25,9,31,15,32,C+,A,C+,A+,C,C+,,,,,
461,12,40,11,23,24,41,13,31,18,59,21,47,A+,A,A,A++,A+,A,,,,,
462,7,10,9,5,12,8,9,23,8,9,17,9,FF,FF,FF,A,FF,FF,,,,,
463,14,26,13,27,24,43,14,34,18,41,24,38,B+,A++,A,O,B+,A,,,,,
464,11,18,10,23,23,32,14,34,9,41,21,37,C,A,B+,O,B,B+,,,,,
465,11,25,12,28,14,20,10,32,3,10,17,23,B,A++,FF,A++,FF,C,,,,,
466,13,24,11,29,21,44,14,34,13,44,20,36,B,A++,A,O,B+,B+,,,,,
467,7,28,10,17,12,32,12,26,0,35,18,11,B,B,C,A+,FF,FF,,,,,
468,9,26,9,16,12,11,9,26,4,30,14,15,B,B,FF,A+,FF,FF,,,,,
469,14,25,11,27,15,44,12,30,7,44,21,33,B+,A+,B+,A++,B,B,,,,,
470,11,29,10,19,21,50,13,30,5,43,20,47,B+,B+,A+,A++,C+,A,,,,,
471,11,23,10,28,17,40,14,31,12,42,17,29,C+,A+,B+,O,B,C+,,,,,
472,12,30,13,30,27,46,13,31,19,42,23,53,A,A++,A+,A++,A,A+,,,,,
473,11,22,11,27,21,38,14,30,11,47,23,44,C+,A+,B+,A++,B+,A,,,,,
474,19,37,15,34,29,55,15,35,27,62,29,53,A++,O,A++,O,A++,A++,,,,,
475,10,17,11,20,18,28,14,31,15,35,15,27,FF,A,C+,O,B,C,,,,,
476,12,23,12,18,20,36,11,31,10,38,18,28,B,A,B+,A++,C+,C+,,,,,
477,8,11,9,21,12,8,11,29,3,9,15,25,FF,A,FF,A++,FF,C,,,,,
478,10,25,13,25,20,44,12,32,15,38,19,39,B,A+,A,A++,B,B+,,,,,
479,14,35,13,32,27,40,13,33,15,46,25,49,A+,O,A,O,A,A+,,,,,
480,10,8,10,10,14,14,12,31,4,29,18,31,FF,FF,FF,A++,FF,C+,,,,,
481,13,28,12,25,23,38,11,29,7,38,17,33,B+,A+,A,A++,C+,B,,,,,
482,7,11,6,12,14,9,13,29,3,24,14,14,FF,FF,FF,A++,FF,FF,,,,,
483,14,24,14,31,22,22,12,31,19,44,19,31,B,O,C,A++,A,B,,,,,
484,12,19,10,18,14,38,11,30,6,32,16,35,C,B+,B,A++,FF,B,,,,,
485,6,7,8,12,9,17,11,30,2,19,11,25,FF,FF,FF,A++,FF,FF,,,,,
486,13,31,12,27,22,36,14,31,13,50,21,43,A,A+,B+,O,A,A,,,,,
487,14,35,14,30,23,32,13,30,17,64,22,42,A+,A++,B+,A++,A++,A,,,,,
488,12,12,13,30,21,22,13,32,8,34,18,25,FF,A++,C,O,C,C,,,,,
489,6,0,7,6,0,0,0,13,0,0,9,15,FF,FF,FF,FF,FF,FF,,,,,
490,13,26,13,28,23,35,12,27,15,37,20,41,B+,A++,B+,A+,B,A,,,,,
491,20,47,15,34,29,62,14,33,29,65,29,64,O,O,O,O,O,O,,,,,
492,15,35,14,33,27,47,14,32,24,54,26,35,A+,O,A+,O,A+,A,,,,,
493,15,29,14,33,25,38,13,29,17,52,26,47,A,O,A,A++,A,A+,,,,,
494,13,31,14,30,19,33,14,29,8,40,18,21,A,A++,B,A++,C+,FF,,,,,
495,5,16,11,21,15,14,15,30,9,15,16,14,FF,A,FF,O,FF,FF,,,,,
496,13,23,14,31,23,31,14,27,16,43,20,39,B,O,B,A++,B+,B+,,,,,
497,15,30,14,31,25,41,14,32,13,48,21,43,A,O,A,O,A,A,,,,,
498,12,26,14,28,22,22,13,29,14,35,14,21,B,A++,C,A++,C+,FF,,,,,
499,18,41,14,33,27,55,13,30,23,52,29,56,A++,O,A++,A++,A+,A++,,,,,
500,12,22,14,28,25,37,10,30,10,37,20,38,C+,A++,A,A++,C+,B+,,,,,
501,11,17,14,28,17,25,12,29,6,26,14,28,C,A++,C,A++,FF,C,,,,,
502,19,37,15,34,27,47,13,30,26,66,30,50,A++,O,A+,A++,O,A++,,,,,
503,17,39,14,30,24,55,15,33,22,59,22,51,A++,A++,A+,O,A++,A+,,,,,
504,12,36,12,26,25,59,14,34,28,61,28,46,A,A+,A++,O,A++,A+,,,,,
505,12,22,12,26,17,31,12,32,12,27,15,46,C+,A+,C+,A++,FF,A,,,,,
506,17,47,15,34,25,56,15,33,25,70,25,67,O,O,A++,O,O,O,,,,,
507,13,33,13,20,24,43,13,29,17,49,18,56,A,A,A,A++,A,A+,,,,,
508,15,30,14,32,25,42,13,34,19,48,25,49,A,O,A,O,A,A+,,,,,
509,12,23,12,26,25,35,14,32,16,35,22,41,B,A+,A,O,B,A,,,,,
510,14,35,12,30,23,38,13,31,13,52,23,49,A+,A++,A,A++,A,A+,,,,,
511,14,40,14,30,27,41,13,25,17,38,26,53,A+,A++,A,A+,B+,A+,,,,,
512,14,20,14,29,22,32,13,31,19,46,18,39,C+,A++,B,A++,A,B+,,,,,
513,11,30,13,29,24,42,13,31,19,60,24,61,B+,A++,A,A++,A+,A++,,,,,
514,8,24,11,23,15,32,11,25,9,31,15,32,C+,A,C+,A+,C,C+,,,,,
515,12,40,11,23,24,41,13,31,18,59,21,47,A+,A,A,A++,A+,A,,,,,
516,7,10,9,5,12,8,9,23,8,9,17,9,FF,FF,FF,A,FF,FF,,,,,
517,14,26,13,27,24,43,14,34,18,41,24,38,B+,A++,A,O,B+,A,,,,,
518,11,18,10,23,23,32,14,34,9,41,21,37,C,A,B+,O,B,B+,,,,,
519,11,25,12,28,14,20,10,32,3,10,17,23,B,A++,FF,A++,FF,C,,,,,
520,13,24,11,29,21,44,14,34,13,44,20,36,B,A++,A,O,B+,B+,,,,,
521,7,28,10,17,12,32,12,26,0,35,18,11,B,B,C,A+,FF,FF,,,,,
522,9,26,9,16,12,11,9,26,4,30,14,15,B,B,FF,A+,FF,FF,,,,,
523,14,25,11,27,15,44,12,30,7,44,21,33,B+,A+,B+,A++,B,B,,,,,
524,11,29,10,19,21,50,13,30,5,43,20,47,B+,B+,A+,A++,C+,A,,,,,
525,11,23,10,28,17,40,14,31,12,42,17,29,C+,A+,B+,O,B,C+,,,,,
526,12,30,13,30,27,46,13,31,19,42,23,53,A,A++,A+,A++,A,A+,,,,,
527,11,22,11,27,21,38,14,30,11,47,23,44,C+,A+,B+,A++,B+,A,,,,,
528,19,37,15,34,29,55,15,35,27,62,29,53,A++,O,A++,O,A++,A++,,,,,
529,10,17,11,20,18,28,14,31,15,35,15,27,FF,A,C+,O,B,C,,,,,
530,12,23,12,18,20,36,11,31,10,38,18,28,B,A,B+,A++,C+,C+,,,,,
531,8,11,9,21,12,8,11,29,3,9,15,25,FF,A,FF,A++,FF,C,,,,,
532,10,25,13,25,20,44,12,32,15,38,19,39,B,A+,A,A++,B,B+,,,,,
533,14,35,13,32,27,40,13,33,15,46,25,49,A+,O,A,O,A,A+,,,,,
534,10,8,10,10,14,14,12,31,4,29,18,31,FF,FF,FF,A++,FF,C+,,,,,
535,13,28,12,25,23,38,11,29,7,38,17,33,B+,A+,A,A++,C+,B,,,,,
536,7,11,6,12,14,9,13,29,3,24,14,14,FF,FF,FF,A++,FF,FF,,,,,
537,14,24,14,31,22,22,12,31,19,44,19,31,B,O,C,A++,A,B,,,,,
538,12,19,10,18,14,38,11,30,6,32,16,35,C,B+,B,A++,FF,B,,,,,
539,6,7,8,12,9,17,11,30,2,0,0,0,FF,FF,FF,A++,O,FF,,,,,
540,13,31,12,27,22,36,14,31,13,50,21,43,A,A+,B+,O,O,FF,,,,,
541,14,35,14,30,23,32,13,30,17,64,22,42,A+,A++,B+,A++,A++,A,,,,,
542,12,12,13,30,21,22,13,32,8,34,18,25,FF,A++,C,O,C,C,,,,,
543,6,0,7,6,0,0,0,13,0,0,9,15,FF,FF,FF,FF,FF,FF,,,,,
544,13,26,13,28,23,35,12,27,15,37,20,41,B+,A++,B+,A+,B,A,,,,,
545,20,47,15,34,29,62,14,33,29,65,29,64,O,O,O,O,O,O,,,,,
546,15,35,14,33,27,47,14,32,24,54,26,35,A+,O,A+,O,A+,A,,,,,
547,15,29,14,33,25,38,13,29,17,52,26,47,A,O,A,A++,A,A+,,,,,
548,13,31,14,30,19,33,14,29,8,40,18,0,A,A++,B,A++,C+,FF,,,,,
549,5,16,11,21,15,14,15,30,9,15,16,14,FF,A,FF,O,FF,FF,,,,,
550,13,23,14,31,23,31,14,27,16,43,20,39,B,O,B,A++,B+,B+,,,,,
551,15,30,14,31,25,41,14,32,13,48,21,43,A,O,A,O,A,A,,,,,
552,12,26,14,28,22,22,13,29,14,35,14,21,B,A++,C,A++,C+,FF,,,,,
553,18,41,14,33,27,55,13,30,23,52,29,56,A++,O,A++,A++,A+,A++,,,,,
554,12,22,14,28,25,37,10,30,10,37,20,38,C+,A++,A,A++,C+,B+,,,,,
555,11,17,14,28,17,25,12,29,6,26,14,28,C,A++,C,A++,FF,C,,,,,
556,19,37,15,34,27,47,13,30,26,66,30,50,A++,O,A+,A++,O,A++,,,,,
557,17,39,14,30,24,55,15,33,22,59,22,51,A++,A++,A+,O,A++,A+,,,,,
558,12,36,12,26,25,59,14,34,28,61,28,46,A,A+,A++,O,A++,A+,,,,,
559,12,22,12,26,17,31,12,32,12,27,15,46,C+,A+,C+,A++,FF,A,,,,,
560,17,47,15,34,25,56,15,33,25,70,25,67,O,O,A++,O,O,O,,,,,
561,13,33,13,20,24,43,13,29,17,49,18,56,A,A,A,A++,A,A+,,,,,
562,15,30,14,32,25,42,13,34,19,48,25,49,A,O,A,O,A,A+,,,,,
563,12,23,12,26,25,35,14,32,16,35,22,41,B,A+,A,O,B,A,,,,,
564,14,35,12,30,23,38,13,31,13,52,23,49,A+,A++,A,A++,A,A+,,,,,
565,14,40,14,30,27,41,13,25,17,38,26,53,A+,A++,A,A+,B+,A+,,,,,
566,14,20,14,29,22,32,13,31,19,46,18,39,C+,A++,B,A++,A,B+,,,,,
567,11,30,13,29,24,42,13,31,19,60,24,61,B+,A++,A,A++,A+,A++,,,,,
568,8,24,11,23,15,32,11,25,9,31,15,32,C+,A,C+,A+,C,C+,,,,,
569,12,40,11,23,24,41,13,31,18,59,21,47,A+,A,A,A++,A+,A,,,,,
570,7,10,9,5,12,8,9,23,8,9,17,9,FF,FF,FF,A,FF,FF,,,,,
571,14,26,13,27,24,43,14,34,18,41,24,38,B+,A++,A,O,B+,A,,,,,
572,11,18,10,23,23,32,14,34,9,41,21,37,C,A,B+,O,B,B+,,,,,
573,11,25,12,28,14,20,10,32,3,10,17,23,B,A++,FF,A++,FF,C,,,,,
574,13,24,11,29,21,44,14,34,13,44,20,36,B,A++,A,O,B+,B+,,,,,
575,7,28,10,17,12,32,12,26,0,35,18,11,B,B,C,A+,FF,FF,,,,,
576,9,26,9,16,12,11,9,26,4,30,14,15,B,B,FF,A+,FF,FF,,,,,
577,14,25,11,27,15,44,12,30,7,44,21,33,B+,A+,B+,A++,B,B,,,,,
578,11,29,10,19,21,50,13,30,5,43,20,47,B+,B+,A+,A++,C+,A,,,,,
579,11,23,10,28,17,40,14,31,12,42,17,29,C+,A+,B+,O,B,C+,,,,,
580,12,30,13,30,27,46,13,31,19,42,23,53,A,A++,A+,A++,A,A+,,,,,
581,11,22,11,27,21,38,14,30,11,47,23,44,C+,A+,B+,A++,B+,A,,,,,
582,19,37,15,34,29,55,15,35,27,62,29,53,A++,O,A++,O,A++,A++,,,,,
583,10,17,11,20,18,28,14,31,15,35,15,27,FF,A,C+,O,B,C,,,,,
584,12,23,12,18,20,36,11,31,10,38,18,28,B,A,B+,A++,C+,C+,,,,,
585,8,11,9,21,12,8,11,29,3,9,15,25,FF,A,FF,A++,FF,C,,,,,
586,10,25,13,25,20,44,12,32,15,38,19,39,B,A+,A,A++,B,B+,,,,,
587,14,35,13,32,27,40,13,33,15,46,25,49,A+,O,A,O,A,A+,,,,,
588,10,8,10,10,14,14,12,31,4,29,18,31,FF,FF,FF,A++,FF,C+,,,,,
589,13,28,12,25,23,38,11,29,7,38,17,33,B+,A+,A,A++,C+,B,,,,,
590,7,11,6,12,14,9,13,29,3,24,14,14,FF,FF,FF,A++,FF,FF,,,,,
591,12,30,13,30,27,46,13,31,19,42,23,53,A,A++,A+,A++,A,A+,,,,,
592,11,22,11,27,21,38,14,30,11,47,23,44,C+,A+,B+,A++,B+,A,,,,,
593,19,37,15,34,29,55,15,35,27,62,29,53,A++,O,A++,O,A++,A++,,,,,
594,10,17,11,20,18,28,14,31,15,35,15,27,FF,A,C+,O,B,C,,,,,
595,12,23,12,18,20,36,11,31,10,38,18,28,B,A,B+,A++,C+,C+,,,,,
596,8,11,9,21,12,8,11,29,3,9,15,25,FF,A,FF,A++,FF,C,,,,,
597,10,25,13,25,20,44,12,32,15,38,19,39,B,A+,A,A++,B,B+,,,,,
598,14,35,13,32,27,40,13,33,15,46,25,49,A+,O,A,O,A,A+,,,,,
599,10,8,10,10,14,14,12,31,4,29,18,31,FF,FF,FF,A++,FF,C+,,,,,
600,13,28,12,25,23,38,11,29,7,38,17,33,B+,A+,A,A++,C+,B,,,,,
